云南电视台,https://www.yntv.cn/live.html
河北网络广播电视台,https://www.hebtv.com/19/19js/st/xdszb/index.shtml
保定广电网,https://www.bdgdw.com/live/
江西网络广播电视台,http://www.jxntv.cn/live/
拉萨广播电视网,https://www.lasatv.cn/cms/tv
伊金霍洛新闻网,https://www.yjhlnews.cn/lives/79
燕赵名城网,https://www.sjzntv.cn/wzsy/pd/
内蒙古广播电视台腾格里网,http://www.nmtv.cn/folder84/folder86/folder137
看看新闻网,https://live.kankanews.com/huikan/
四川网络广播电视台,https://www.sctv.com/
河南广播电视台,https://static.hntv.tv/kds/#/
湖北网络广播电视台,https://news.hbtv.com.cn/app/tv/431
福建网络广播电视台,http://live.fjtv.net/zhpd/
惠买,https://www.huimai.com.cn/tvList/
吉林广播电视台,http://www.jlntv.cn/newpc/wlt/live/index.php?channel_id=9
广西网络广播电视台,https://tv.gxtv.cn/channel/channelivePlay_fdbaf085f9fe11e88bcfe41f13b60c62.html
山西网络广播电视台,https://www.sxrtv.com/tv/index.shtml
陕西网络广播电视台,http://live.snrtv.com/1
宁夏网络广播电视台,http://www.nxtv.com.cn/live/
海南网络广播电视台,http://www.hnntv.cn/live/lylive/
甘肃网络广播电视台,https://www.gstv.com.cn/zxc.jhtml
新疆网络广播电视台,http://www.xjtvs.com.cn/jlmxjtv2022/2wzgbcslm/zb/29322654.shtml
贵州网络广播电视台,https://www.gzstv.com/tv/ch01
青海网络广播电视台,http://www.qhbtv.com/new_index/live/
